account_id,holder_name,segment,account_type,branch,opened_on,kyc_level,declared_monthly_income
AC53464097,Kabir Das,RETAIL,SAVINGS,Hyderabad-Madhapur,2021-11-11,FULL,52200
AC30246633,Joseph Khan,RETAIL,SAVINGS,Chennai-Anna Nagar,2022-06-01,FULL,52900
AC62992312,Reyansh Sharma,RETAIL,SAVINGS,Delhi-Karol Bagh,2016-06-25,FULL,78000
AC97366946,Aditya Rao,RETAIL,SAVINGS,Bengaluru-Koramangala,2017-06-13,FULL,98100
AC16480894,Saanvi Joshi,RETAIL,SAVINGS,Kolkata-Salt Lake,2019-10-31,FULL,53300
AC19722233,Deepa Iyer,RETAIL,SAVINGS,Pune-Kothrud,2016-07-22,FULL,145200
AC81924865,Ananya Rao,RETAIL,SAVINGS,Kochi-Edappally,2024-10-09,FULL,97000
AC22633920,Aadhya Pillai,RETAIL,SAVINGS,Kochi-Edappally,2017-12-01,FULL,48800
AC59081935,Fatima Khan,RETAIL,SAVINGS,Kolkata-Salt Lake,2024-04-26,FULL,45700
AC88220482,Imran Khan,RETAIL,SAVINGS,Chennai-Anna Nagar,2024-09-18,FULL,79800
AC17784483,Krishna Khan,RETAIL,SAVINGS,Delhi-Karol Bagh,2016-11-25,FULL,50100
AC78106871,Imran Menon,RETAIL,SAVINGS,Chennai-Anna Nagar,2017-03-10,FULL,140000
AC38816302,Ganesh Shetty,RETAIL,SAVINGS,Chennai-Anna Nagar,2017-07-03,FULL,32800
AC15032582,Krishna Kulkarni,RETAIL,SAVINGS,Delhi-Karol Bagh,2025-06-05,FULL,94700
AC21535642,Rahul Gupta,RETAIL,SAVINGS,Pune-Kothrud,2019-03-27,FULL,148900
AC68202938,Kabir Nair,RETAIL,SAVINGS,Mumbai-Andheri,2025-01-28,FULL,111400
AC66126116,Aadhya Sharma,RETAIL,SAVINGS,Kochi-Edappally,2016-07-20,FULL,121600
AC19375836,Ananya Nair,RETAIL,SAVINGS,Mumbai-Andheri,2015-12-14,FULL,70500
AC42301241,Pooja Fernandes,RETAIL,SAVINGS,Bengaluru-Koramangala,2020-02-15,FULL,139000
AC22175294,Joseph Das,RETAIL,SAVINGS,Mumbai-Andheri,2020-03-26,FULL,131200
AC83960310,Priya Verma,RETAIL,SAVINGS,Kolkata-Salt Lake,2022-10-03,FULL,51200
AC66978001,Rohan Sharma,RETAIL,SAVINGS,Delhi-Karol Bagh,2023-05-30,FULL,143200
AC17933677,Priya Kulkarni,RETAIL,SAVINGS,Kolkata-Salt Lake,2016-11-20,FULL,45100
AC85893910,Pooja Kulkarni,RETAIL,SAVINGS,Mumbai-Andheri,2024-01-27,FULL,26600
AC26616417,Krishna Verma,RETAIL,SAVINGS,Kolkata-Salt Lake,2019-08-13,FULL,28500
AC39962626,Harpreet Reddy,RETAIL,SAVINGS,Chennai-Anna Nagar,2020-05-16,FULL,50500
AC94641177,Nithya Banerjee,RETAIL,SAVINGS,Pune-Kothrud,2024-10-11,FULL,67300
AC94212661,Lakshmi Pillai,RETAIL,SAVINGS,Hyderabad-Madhapur,2020-02-21,FULL,25900
AC88248519,Krishna Mukherjee,RETAIL,SAVINGS,Bengaluru-Koramangala,2021-04-13,FULL,37300
AC18302983,Pooja Patel,RETAIL,SAVINGS,Kochi-Edappally,2023-05-02,FULL,82100
AC87457446,Nithya Pillai,RETAIL,SAVINGS,Bengaluru-Koramangala,2017-01-12,FULL,96300
AC88590039,Ganesh Iyer,RETAIL,SAVINGS,Kochi-Edappally,2015-11-29,FULL,46100
AC63241552,Rahul Singh,RETAIL,SAVINGS,Kochi-Edappally,2017-07-14,FULL,111500
AC16655764,Meera Shetty,RETAIL,SAVINGS,Bengaluru-Koramangala,2023-12-26,FULL,138600
AC39673100,Fatima Joshi,RETAIL,SAVINGS,Hyderabad-Madhapur,2024-11-14,FULL,125000
AC16252221,Pooja Singh,RETAIL,SAVINGS,Kolkata-Salt Lake,2025-07-08,FULL,95800
AC84714297,Ganesh Singh,RETAIL,SAVINGS,Chennai-Anna Nagar,2018-06-19,FULL,55300
AC27874421,Swati Khan,RETAIL,SAVINGS,Chennai-Anna Nagar,2016-07-28,FULL,29800
AC48870700,Vivaan Joshi,RETAIL,SAVINGS,Hyderabad-Madhapur,2022-11-17,FULL,121900
AC66255890,Vivaan Banerjee,RETAIL,SAVINGS,Kolkata-Salt Lake,2018-05-31,FULL,57900
AC29361589,Sai Pillai,RETAIL,SAVINGS,Kochi-Edappally,2025-05-15,FULL,119600
AC82569631,Arjun Nair,RETAIL,SAVINGS,Mumbai-Andheri,2023-06-24,FULL,125900
AC25809806,Reyansh Shetty,RETAIL,SAVINGS,Pune-Kothrud,2019-10-31,FULL,38200
AC86626738,Joseph Joshi,RETAIL,SAVINGS,Chennai-Anna Nagar,2015-09-19,FULL,34000
AC51403729,Aarav Banerjee,RETAIL,SAVINGS,Bengaluru-Koramangala,2018-04-21,FULL,87800
AC85196458,Fatima Shetty,RETAIL,SAVINGS,Bengaluru-Koramangala,2018-11-27,FULL,113200
AC34256684,Vikram Banerjee,RETAIL,SAVINGS,Delhi-Karol Bagh,2018-09-04,FULL,82100
AC23831903,Vikram Sharma,RETAIL,SAVINGS,Hyderabad-Madhapur,2019-04-18,FULL,28000
AC88061052,Harpreet Chopra,RETAIL,SAVINGS,Kochi-Edappally,2016-06-21,FULL,51100
AC86665755,Suresh Khan,RETAIL,SAVINGS,Kolkata-Salt Lake,2018-01-15,FULL,147900
AC95753514,Fatima Reddy,RETAIL,SAVINGS,Pune-Kothrud,2019-06-14,FULL,109700
AC35215622,Aditya Singh,RETAIL,SAVINGS,Bengaluru-Koramangala,2016-01-17,FULL,36200
AC59982352,Rohan Menon,RETAIL,SAVINGS,Delhi-Karol Bagh,2022-02-08,FULL,43500
AC23076910,Fatima Verma,RETAIL,SAVINGS,Hyderabad-Madhapur,2021-10-26,FULL,25900
AC83517017,Aditya Iyer,RETAIL,SAVINGS,Hyderabad-Madhapur,2024-04-19,FULL,90000
AC18427393,Kavya Kulkarni,RETAIL,SAVINGS,Hyderabad-Madhapur,2018-09-21,FULL,139600
AC85748230,Ganesh Reddy,RETAIL,SAVINGS,Chennai-Anna Nagar,2025-05-01,FULL,114600
AC17999533,Aarav Patel,RETAIL,SAVINGS,Kolkata-Salt Lake,2016-01-16,FULL,125100
AC93082061,Vivaan Gupta,RETAIL,SAVINGS,Delhi-Karol Bagh,2018-08-20,FULL,80200
AC37643310,Suresh Patel,RETAIL,SAVINGS,Delhi-Karol Bagh,2022-09-28,FULL,130800
AC76627625,Aarav Das,RETAIL,SAVINGS,Bengaluru-Koramangala,2021-04-15,FULL,45300
AC81366283,Reyansh Fernandes,RETAIL,SAVINGS,Pune-Kothrud,2017-01-09,FULL,59300
AC67390467,Ishaan Sharma,RETAIL,SAVINGS,Chennai-Anna Nagar,2020-12-12,FULL,67600
AC52164119,Lakshmi Mukherjee,RETAIL,SAVINGS,Pune-Kothrud,2016-06-03,FULL,25200
AC72492024,Imran Singh,RETAIL,SAVINGS,Bengaluru-Koramangala,2021-09-24,FULL,91500
AC88592782,Arjun Iyer,RETAIL,SAVINGS,Pune-Kothrud,2016-04-25,FULL,78100
AC70825377,Ananya Mukherjee,RETAIL,SAVINGS,Bengaluru-Koramangala,2024-11-07,FULL,145700
AC58530762,Reyansh Khan,RETAIL,SAVINGS,Chennai-Anna Nagar,2019-08-15,FULL,106200
AC50234045,Lakshmi Singh,RETAIL,SAVINGS,Bengaluru-Koramangala,2021-01-01,FULL,106000
AC43343251,Krishna Menon,RETAIL,SAVINGS,Chennai-Anna Nagar,2017-02-08,FULL,114300
AC34127884,Aadhya Nair,RETAIL,SAVINGS,Kochi-Edappally,2023-08-06,FULL,101800
AC42762079,Reyansh Menon,RETAIL,SAVINGS,Kolkata-Salt Lake,2017-02-16,FULL,56100
AC20986393,Rohan Sharma,RETAIL,SAVINGS,Hyderabad-Madhapur,2024-07-18,FULL,105100
AC87097845,Fatima Verma,RETAIL,SAVINGS,Bengaluru-Koramangala,2023-12-25,FULL,99700
AC50298754,Suresh Joshi,RETAIL,SAVINGS,Bengaluru-Koramangala,2022-03-02,FULL,33000
AC80490681,Aditya Banerjee,RETAIL,SAVINGS,Bengaluru-Koramangala,2025-05-30,FULL,70200
AC76453392,Sai Banerjee,RETAIL,SAVINGS,Kochi-Edappally,2024-04-22,FULL,106100
AC56100526,Priya Rao,RETAIL,SAVINGS,Kochi-Edappally,2016-12-11,FULL,47200
AC70241505,Arjun Rao,RETAIL,SAVINGS,Kolkata-Salt Lake,2022-03-05,FULL,76100
AC48646352,Suresh Gupta,RETAIL,SAVINGS,Bengaluru-Koramangala,2020-08-01,FULL,132700
AC91733095,Kavya Das,RETAIL,SAVINGS,Hyderabad-Madhapur,2021-12-15,FULL,28800
AC19824854,Harpreet Singh,RETAIL,SAVINGS,Hyderabad-Madhapur,2024-05-18,FULL,125400
AC25846520,Vikram Das,RETAIL,SAVINGS,Chennai-Anna Nagar,2022-06-17,FULL,130700
AC78710461,Aditya Reddy,RETAIL,SAVINGS,Delhi-Karol Bagh,2023-10-20,FULL,107700
AC66119495,Reyansh Iyer,RETAIL,SAVINGS,Kochi-Edappally,2023-12-18,FULL,37100
AC32140838,Vivaan Joshi,RETAIL,SAVINGS,Bengaluru-Koramangala,2022-09-22,FULL,96200
AC55909953,Ishaan Iyer,RETAIL,SAVINGS,Delhi-Karol Bagh,2024-11-05,FULL,26900
AC30399018,Deepa Patel,RETAIL,SAVINGS,Pune-Kothrud,2021-08-03,FULL,92800
AC75627516,Reyansh Patel,RETAIL,SAVINGS,Delhi-Karol Bagh,2021-06-07,FULL,71300
AC66599395,Reyansh Chopra,RETAIL,SAVINGS,Bengaluru-Koramangala,2018-02-19,FULL,134100
AC15262308,Swati Gupta,RETAIL,SAVINGS,Kolkata-Salt Lake,2022-05-17,FULL,141500
AC99686414,Aarav Singh,RETAIL,SAVINGS,Hyderabad-Madhapur,2018-04-20,FULL,135800
AC20418044,Imran Joshi,RETAIL,SAVINGS,Pune-Kothrud,2016-01-03,FULL,55100
AC84903659,Pooja Fernandes,RETAIL,SAVINGS,Chennai-Anna Nagar,2022-08-17,FULL,31300
AC86910239,Vikram Joshi,RETAIL,SAVINGS,Pune-Kothrud,2016-03-12,FULL,54400
AC52110478,Aarav Fernandes,RETAIL,SAVINGS,Kochi-Edappally,2020-08-28,FULL,39500
AC55650450,Kavya Banerjee,RETAIL,SAVINGS,Kochi-Edappally,2017-08-05,FULL,36700
AC57000147,Arjun Fernandes,RETAIL,SAVINGS,Mumbai-Andheri,2020-03-12,FULL,138700
AC89774974,Aadhya Pillai,RETAIL,SAVINGS,Bengaluru-Koramangala,2024-11-22,FULL,48800
AC76662562,Rohan Mukherjee,RETAIL,SAVINGS,Kochi-Edappally,2020-08-05,FULL,54900
AC87832216,Ananya Banerjee,RETAIL,SAVINGS,Bengaluru-Koramangala,2024-12-06,FULL,88700
AC71230843,Meera Khan,RETAIL,SAVINGS,Kolkata-Salt Lake,2019-04-06,FULL,38800
AC19229206,Aadhya Chopra,RETAIL,SAVINGS,Hyderabad-Madhapur,2024-12-11,FULL,90200
AC22562241,Priya Das,RETAIL,SAVINGS,Bengaluru-Koramangala,2023-03-12,FULL,35400
AC46230636,Rohan Pillai,RETAIL,SAVINGS,Mumbai-Andheri,2020-05-28,FULL,34300
AC73632401,Kavya Das,RETAIL,SAVINGS,Hyderabad-Madhapur,2024-06-22,FULL,60100
AC99141000,Joseph Mukherjee,RETAIL,SAVINGS,Bengaluru-Koramangala,2024-10-22,FULL,112900
AC18724149,Meera Fernandes,RETAIL,SAVINGS,Mumbai-Andheri,2022-09-09,FULL,88700
AC18142912,Rahul Chopra,RETAIL,SAVINGS,Kochi-Edappally,2025-04-19,FULL,110900
AC51554798,Vivaan Banerjee,RETAIL,SAVINGS,Hyderabad-Madhapur,2018-04-21,FULL,121600
AC96856164,Vikram Shetty,RETAIL,SAVINGS,Pune-Kothrud,2024-01-05,FULL,43100
AC87570629,Joseph Das,RETAIL,SAVINGS,Chennai-Anna Nagar,2017-04-09,FULL,132200
AC69812891,Diya Gupta,RETAIL,SAVINGS,Hyderabad-Madhapur,2017-09-22,FULL,27000
AC48197765,Kavya Reddy,RETAIL,SAVINGS,Hyderabad-Madhapur,2020-07-14,FULL,131300
AC61780050,Kabir Pillai,RETAIL,SAVINGS,Hyderabad-Madhapur,2023-12-31,FULL,63100
AC99745048,Ananya Verma,RETAIL,SAVINGS,Bengaluru-Koramangala,2023-05-04,FULL,75200
AC56574257,Vikram Gupta,RETAIL,SAVINGS,Pune-Kothrud,2025-06-07,FULL,143500
AC13028344,Ishaan Reddy,RETAIL,SAVINGS,Pune-Kothrud,2020-03-22,FULL,89000
AC71967692,Ganesh Fernandes,RETAIL,SAVINGS,Hyderabad-Madhapur,2018-01-12,FULL,102700
AC57709585,Krishna Khan,RETAIL,SAVINGS,Kochi-Edappally,2016-03-22,FULL,50200
AC32555071,Joseph Pillai,RETAIL,SAVINGS,Hyderabad-Madhapur,2022-07-15,FULL,146900
AC91996233,Imran Das,RETAIL,SAVINGS,Kolkata-Salt Lake,2025-03-20,FULL,47200
AC25716331,Aadhya Sharma,RETAIL,SAVINGS,Pune-Kothrud,2019-03-14,FULL,121300
AC76262352,Ishaan Sharma,RETAIL,SAVINGS,Delhi-Karol Bagh,2023-11-02,FULL,100800
AC17912728,Meera Banerjee,RETAIL,SAVINGS,Kolkata-Salt Lake,2019-06-06,FULL,42200
AC39287351,Ishaan Banerjee,RETAIL,SAVINGS,Delhi-Karol Bagh,2024-03-22,FULL,145000
AC48578460,Sai Patel,RETAIL,SAVINGS,Mumbai-Andheri,2019-09-20,FULL,97700
AC27359750,Pooja Iyer,RETAIL,SAVINGS,Hyderabad-Madhapur,2023-09-10,FULL,77900
AC43234300,Aditya Verma,RETAIL,SAVINGS,Kochi-Edappally,2016-05-20,FULL,123800
AC63404922,Rohan Verma,RETAIL,SAVINGS,Hyderabad-Madhapur,2018-02-25,FULL,132500
AC62472380,Ganesh Rao,RETAIL,SAVINGS,Kolkata-Salt Lake,2017-08-03,FULL,36900
AC76640001,Aadhya Nair,RETAIL,SAVINGS,Delhi-Karol Bagh,2025-05-18,FULL,33800
AC20815439,Imran Gupta,RETAIL,SAVINGS,Mumbai-Andheri,2015-10-24,FULL,77500
AC32329304,Priya Joshi,RETAIL,SAVINGS,Delhi-Karol Bagh,2016-01-21,FULL,125900
AC70288912,Rahul Chopra,RETAIL,SAVINGS,Bengaluru-Koramangala,2019-01-13,FULL,80800
AC63907779,Meera Chopra,RETAIL,SAVINGS,Pune-Kothrud,2018-12-31,FULL,137300
AC83744576,Lakshmi Khan,RETAIL,SAVINGS,Bengaluru-Koramangala,2020-09-07,FULL,99000
AC47290936,Rohan Verma,RETAIL,SAVINGS,Mumbai-Andheri,2021-04-16,FULL,132400
AC28377915,Rohan Singh,RETAIL,SAVINGS,Pune-Kothrud,2020-12-14,FULL,144500
AC67783637,Rohan Reddy,RETAIL,SAVINGS,Chennai-Anna Nagar,2017-09-17,FULL,103000
AC83849218,Meera Khan,RETAIL,SAVINGS,Pune-Kothrud,2018-01-14,FULL,124900
AC47369042,Aarav Pillai,RETAIL,SAVINGS,Pune-Kothrud,2020-03-29,FULL,109700
AC65740154,Suresh Gupta,RETAIL,SAVINGS,Pune-Kothrud,2020-05-09,FULL,123200
AC58153450,Ishaan Kulkarni,RETAIL,SAVINGS,Hyderabad-Madhapur,2024-07-29,FULL,92800
AC61061966,Saanvi Patel,RETAIL,SAVINGS,Hyderabad-Madhapur,2017-03-12,FULL,71400
AC40970943,Suresh Mukherjee,RETAIL,SAVINGS,Kochi-Edappally,2021-04-24,FULL,120900
AC30256261,Sai Singh,RETAIL,SAVINGS,Hyderabad-Madhapur,2018-05-26,FULL,134900
AC21138017,Arjun Iyer,RETAIL,SAVINGS,Mumbai-Andheri,2019-11-09,FULL,135600
AC33651543,Fatima Kulkarni,RETAIL,SAVINGS,Bengaluru-Koramangala,2018-04-29,FULL,83700
AC30306925,Kavya Das,RETAIL,SAVINGS,Pune-Kothrud,2019-02-07,FULL,68100
AC41132723,Imran Kulkarni,RETAIL,SAVINGS,Mumbai-Andheri,2022-01-17,FULL,126400
AC98384612,Suresh Sharma,RETAIL,SAVINGS,Mumbai-Andheri,2017-12-27,FULL,74300
AC41317839,Arjun Menon,RETAIL,SAVINGS,Hyderabad-Madhapur,2016-03-15,FULL,104300
AC11619076,Suresh Verma,RETAIL,SAVINGS,Hyderabad-Madhapur,2016-12-13,FULL,71200
AC75090595,Deepa Menon,RETAIL,SAVINGS,Delhi-Karol Bagh,2018-04-19,FULL,45400
AC89070818,Aditya Shetty,RETAIL,SAVINGS,Chennai-Anna Nagar,2020-06-21,FULL,49800
AC34473646,Aarav Shetty,RETAIL,SAVINGS,Kolkata-Salt Lake,2019-07-30,FULL,115700
AC45265254,Rohan Sharma,RETAIL,SAVINGS,Chennai-Anna Nagar,2024-10-15,FULL,129600
AC47840101,Aditya Singh,RETAIL,SAVINGS,Mumbai-Andheri,2025-07-12,FULL,53700
AC10549434,Rohan Singh,RETAIL,SAVINGS,Chennai-Anna Nagar,2025-05-10,FULL,39300
AC29552354,Swati Reddy,RETAIL,SAVINGS,Mumbai-Andheri,2023-05-08,FULL,83700
AC66230047,Aditya Chopra,RETAIL,SAVINGS,Pune-Kothrud,2021-08-29,FULL,61500
AC81751584,Ganesh Fernandes,RETAIL,SAVINGS,Delhi-Karol Bagh,2015-10-06,FULL,66600
AC59560375,Swati Reddy,RETAIL,SAVINGS,Mumbai-Andheri,2022-08-12,FULL,58200
AC91847639,Aditya Shetty,RETAIL,SAVINGS,Delhi-Karol Bagh,2024-12-26,FULL,41500
AC86013032,Deepa Das,RETAIL,SAVINGS,Kochi-Edappally,2021-09-28,FULL,42600
AC52763335,Fatima Banerjee,RETAIL,SAVINGS,Chennai-Anna Nagar,2016-07-18,FULL,118900
AC26843185,Harpreet Kulkarni,RETAIL,SAVINGS,Delhi-Karol Bagh,2021-04-03,FULL,114600
AC79188088,Ishaan Menon,RETAIL,SAVINGS,Bengaluru-Koramangala,2016-08-19,FULL,125200
AC92891895,Arjun Reddy,RETAIL,SAVINGS,Mumbai-Andheri,2018-12-31,FULL,48900
AC97908110,Suresh Pillai,RETAIL,SAVINGS,Kochi-Edappally,2016-07-22,FULL,123900
AC17246803,Ishaan Shetty,RETAIL,SAVINGS,Kochi-Edappally,2024-07-11,FULL,95600
AC71289682,Sai Sharma,RETAIL,SAVINGS,Hyderabad-Madhapur,2023-05-31,FULL,38500
AC85064182,Rahul Pillai,RETAIL,SAVINGS,Delhi-Karol Bagh,2022-11-15,FULL,87700
AC62664205,Priya Banerjee,RETAIL,SAVINGS,Chennai-Anna Nagar,2021-11-07,FULL,28900
AC63428001,Ganesh Sharma,RETAIL,SAVINGS,Delhi-Karol Bagh,2023-02-04,FULL,51400
AC63550032,Suresh Pillai,RETAIL,SAVINGS,Hyderabad-Madhapur,2018-09-06,FULL,137700
AC62897893,Krishna Menon,RETAIL,SAVINGS,Delhi-Karol Bagh,2018-02-22,FULL,41400
AC23896513,Vivaan Singh,RETAIL,SAVINGS,Pune-Kothrud,2020-05-19,FULL,128400
AC74628898,Suresh Menon,RETAIL,SAVINGS,Pune-Kothrud,2021-02-15,FULL,90400
AC95132904,Kabir Iyer,RETAIL,SAVINGS,Pune-Kothrud,2016-11-20,FULL,36100
AC63746500,Vivaan Das,RETAIL,SAVINGS,Hyderabad-Madhapur,2019-10-24,FULL,43900
AC18354761,Swati Singh,RETAIL,SAVINGS,Chennai-Anna Nagar,2020-05-24,FULL,49700
AC35583179,Arjun Chopra,RETAIL,SAVINGS,Pune-Kothrud,2017-07-08,FULL,110700
AC19039243,Meera Chopra,RETAIL,SAVINGS,Bengaluru-Koramangala,2022-02-02,FULL,38300
AC38019720,Aditya Shetty,RETAIL,SAVINGS,Kolkata-Salt Lake,2021-03-26,FULL,85400
AC69139937,Rohan Chopra,RETAIL,SAVINGS,Kochi-Edappally,2023-02-01,FULL,64800
AC31783965,Meera Kulkarni,RETAIL,SAVINGS,Pune-Kothrud,2016-12-07,FULL,91900
AC24754327,Imran Das,RETAIL,SAVINGS,Chennai-Anna Nagar,2018-08-20,FULL,38100
AC55641228,Kavya Reddy,RETAIL,SAVINGS,Delhi-Karol Bagh,2018-06-07,FULL,41600
AC90628248,Deepa Banerjee,RETAIL,SAVINGS,Bengaluru-Koramangala,2024-02-16,FULL,83200
AC17056578,Fatima Iyer,RETAIL,SAVINGS,Bengaluru-Koramangala,2022-03-18,FULL,131600
AC23741157,Vikram Das,RETAIL,SAVINGS,Bengaluru-Koramangala,2020-09-01,FULL,43100
AC10031310,Suresh Nair,RETAIL,SAVINGS,Chennai-Anna Nagar,2017-07-18,FULL,29000
AC86072408,Swati Patel,RETAIL,SAVINGS,Bengaluru-Koramangala,2019-08-19,FULL,112500
AC30302435,Ananya Gupta,RETAIL,SAVINGS,Kolkata-Salt Lake,2016-05-24,FULL,46100
AC82023741,Reyansh Joshi,RETAIL,SAVINGS,Kolkata-Salt Lake,2016-12-29,FULL,113500
AC23618316,Diya Nair,RETAIL,SAVINGS,Kochi-Edappally,2022-11-07,FULL,146500
AC58802897,Arjun Reddy,RETAIL,SAVINGS,Kolkata-Salt Lake,2022-08-30,FULL,84100
AC92374421,Reyansh Shetty,RETAIL,SAVINGS,Delhi-Karol Bagh,2016-06-24,FULL,119800
AC13422671,Saanvi Khan,RETAIL,SAVINGS,Mumbai-Andheri,2017-05-05,FULL,118600
AC19437596,Swati Fernandes,RETAIL,SAVINGS,Pune-Kothrud,2024-05-16,FULL,125300
AC37910936,Aarav Rao,RETAIL,SAVINGS,Kochi-Edappally,2019-10-28,FULL,126800
AC92418944,Suresh Patel,RETAIL,SAVINGS,Pune-Kothrud,2015-12-28,FULL,64200
AC60496650,Ganesh Das,RETAIL,SAVINGS,Hyderabad-Madhapur,2017-12-01,FULL,107500
AC29938108,Vivaan Sharma,RETAIL,SAVINGS,Hyderabad-Madhapur,2015-11-23,FULL,96900
AC95149012,Aarav Rao,RETAIL,SAVINGS,Chennai-Anna Nagar,2018-10-09,FULL,137400
AC43857462,Ananya Singh,RETAIL,SAVINGS,Pune-Kothrud,2016-01-22,FULL,127400
AC56625835,Rohan Mukherjee,RETAIL,SAVINGS,Pune-Kothrud,2022-03-11,FULL,102200
AC90836544,Saanvi Joshi,RETAIL,SAVINGS,Bengaluru-Koramangala,2022-05-22,FULL,142800
AC58877189,Aarav Kulkarni,RETAIL,SAVINGS,Hyderabad-Madhapur,2017-02-03,FULL,127100
AC73639532,Rahul Iyer,RETAIL,SAVINGS,Mumbai-Andheri,2017-05-29,FULL,119400
AC26487605,Harpreet Menon,RETAIL,SAVINGS,Pune-Kothrud,2022-09-25,FULL,72600
AC25482486,Harpreet Menon,RETAIL,SAVINGS,Hyderabad-Madhapur,2024-01-28,FULL,92400
AC75507385,Ananya Iyer,RETAIL,SAVINGS,Mumbai-Andheri,2021-09-13,FULL,131000
AC72544046,Pooja Patel,RETAIL,SAVINGS,Chennai-Anna Nagar,2015-12-18,FULL,124200
AC74477539,Harpreet Banerjee,RETAIL,SAVINGS,Pune-Kothrud,2020-06-18,FULL,83800
AC74939188,Kavya Khan,RETAIL,SAVINGS,Pune-Kothrud,2017-05-24,FULL,70100
AC51856109,Aditya Nair,RETAIL,SAVINGS,Pune-Kothrud,2024-03-31,FULL,135800
AC21527244,Pooja Sharma,RETAIL,SAVINGS,Pune-Kothrud,2023-01-10,FULL,33800
AC29343122,Aditya Fernandes,RETAIL,SAVINGS,Chennai-Anna Nagar,2017-04-06,FULL,49800
AC23715389,Kavya Joshi,RETAIL,SAVINGS,Kochi-Edappally,2022-01-31,FULL,144300
AC55987803,Kabir Verma,RETAIL,SAVINGS,Pune-Kothrud,2020-04-18,FULL,137500
AC45535068,Ganesh Menon,RETAIL,SAVINGS,Pune-Kothrud,2017-04-14,FULL,96700
AC74239549,Arjun Shetty,RETAIL,SAVINGS,Bengaluru-Koramangala,2018-12-26,FULL,85500
AC31667923,Aadhya Sharma,RETAIL,SAVINGS,Hyderabad-Madhapur,2018-02-09,FULL,51000
AC79301246,Diya Banerjee,RETAIL,SAVINGS,Bengaluru-Koramangala,2021-07-02,FULL,106800
AC13099855,Nithya Iyer,RETAIL,SAVINGS,Kolkata-Salt Lake,2020-05-25,FULL,28000
AC37543491,Sai Kulkarni,RETAIL,SAVINGS,Mumbai-Andheri,2024-07-15,FULL,90500
AC80901507,Harpreet Chopra,RETAIL,SAVINGS,Pune-Kothrud,2016-09-22,FULL,37700
AC58553593,Joseph Shetty,RETAIL,SAVINGS,Chennai-Anna Nagar,2016-08-01,FULL,52400
AC29676659,Pooja Kulkarni,RETAIL,SAVINGS,Kolkata-Salt Lake,2023-10-21,FULL,104600
AC82903368,Aditya Kulkarni,RETAIL,SAVINGS,Pune-Kothrud,2023-04-24,FULL,62700
AC13629581,Ananya Chopra,RETAIL,SAVINGS,Mumbai-Andheri,2017-05-12,FULL,86400
AC80881649,Imran Chopra,RETAIL,SAVINGS,Mumbai-Andheri,2025-06-14,FULL,100600
AC50008920,Saanvi Banerjee,RETAIL,SAVINGS,Mumbai-Andheri,2016-08-27,FULL,47900
AC96290869,Swati Banerjee,RETAIL,SAVINGS,Bengaluru-Koramangala,2015-09-19,FULL,133600
AC22215229,Diya Iyer,RETAIL,SAVINGS,Hyderabad-Madhapur,2024-12-13,FULL,88100
AC45046288,Pooja Chopra,RETAIL,SAVINGS,Hyderabad-Madhapur,2016-01-11,FULL,88800
AC79578048,Swati Patel,RETAIL,SAVINGS,Hyderabad-Madhapur,2019-04-18,FULL,43000
AC59217612,Rahul Pillai,RETAIL,SAVINGS,Chennai-Anna Nagar,2016-07-25,FULL,78000
AC32420002,Fatima Rao,RETAIL,SAVINGS,Delhi-Karol Bagh,2018-10-19,FULL,54200
AC57740731,Krishna Chopra,RETAIL,SAVINGS,Kochi-Edappally,2018-07-11,FULL,31800
AC39902737,Imran Sharma,RETAIL,SAVINGS,Pune-Kothrud,2016-07-28,FULL,137900
AC81483341,Reyansh Singh,RETAIL,SAVINGS,Delhi-Karol Bagh,2019-07-15,FULL,54000
AC82687908,Harpreet Gupta,RETAIL,SAVINGS,Mumbai-Andheri,2022-12-21,FULL,138000
AC77470852,Krishna Verma,RETAIL,SAVINGS,Bengaluru-Koramangala,2017-06-25,FULL,118700
AC54246886,Suresh Shetty,RETAIL,SAVINGS,Hyderabad-Madhapur,2017-08-09,FULL,59100
AC95421789,Harpreet Kulkarni,RETAIL,SAVINGS,Chennai-Anna Nagar,2019-11-05,FULL,86100
AC39936146,Aarav Pillai,RETAIL,SAVINGS,Bengaluru-Koramangala,2015-10-29,FULL,133600
AC92306098,Pooja Banerjee,RETAIL,SAVINGS,Kolkata-Salt Lake,2017-12-22,FULL,42800
AC36192056,Kavya Gupta,RETAIL,SAVINGS,Hyderabad-Madhapur,2018-05-30,FULL,149700
AC42130069,Ananya Kulkarni,RETAIL,SAVINGS,Hyderabad-Madhapur,2016-12-23,FULL,149600
AC63778945,Ishaan Gupta,RETAIL,SAVINGS,Kolkata-Salt Lake,2015-10-29,FULL,69600
AC40432459,Aadhya Menon,RETAIL,SAVINGS,Mumbai-Andheri,2022-02-05,FULL,104400
AC36832537,Kavya Reddy,RETAIL,SAVINGS,Hyderabad-Madhapur,2023-12-23,FULL,98700
AC79476293,Arjun Chopra,RETAIL,SAVINGS,Mumbai-Andheri,2022-04-03,FULL,77200
AC76140059,Harpreet Pillai,RETAIL,SAVINGS,Kochi-Edappally,2016-12-14,FULL,84100
AC57722796,Rohan Fernandes,RETAIL,SAVINGS,Hyderabad-Madhapur,2019-10-05,FULL,84000
AC13889649,Priya Patel,RETAIL,SAVINGS,Mumbai-Andheri,2019-12-19,FULL,54100
AC13749650,Diya Joshi,RETAIL,SAVINGS,Kolkata-Salt Lake,2024-10-16,FULL,37600
AC47502921,Ganesh Kulkarni,RETAIL,SAVINGS,Pune-Kothrud,2021-10-23,FULL,113100
AC73382988,Harpreet Joshi,RETAIL,SAVINGS,Mumbai-Andheri,2018-05-03,FULL,83200
AC44785794,Harpreet Verma,RETAIL,SAVINGS,Chennai-Anna Nagar,2019-06-06,FULL,30200
AC35990584,Joseph Fernandes,RETAIL,SAVINGS,Kolkata-Salt Lake,2021-08-07,FULL,144000
AC91220385,Fatima Menon,RETAIL,SAVINGS,Chennai-Anna Nagar,2023-10-27,FULL,143700
AC56208603,Sai Mukherjee,RETAIL,SAVINGS,Kolkata-Salt Lake,2017-12-21,FULL,123900
AC70025882,Nithya Verma,RETAIL,SAVINGS,Hyderabad-Madhapur,2017-12-23,FULL,67500
AC56911734,Reyansh Banerjee,RETAIL,SAVINGS,Kolkata-Salt Lake,2019-05-21,FULL,106400
AC58940600,Kabir Nair,RETAIL,SAVINGS,Chennai-Anna Nagar,2024-01-19,FULL,102000
AC20809644,Joseph Fernandes,RETAIL,SAVINGS,Kochi-Edappally,2020-08-18,FULL,59300
AC39589952,Priya Sharma,RETAIL,SAVINGS,Pune-Kothrud,2021-08-26,FULL,104900
AC23711300,Meera Nair,RETAIL,SAVINGS,Delhi-Karol Bagh,2021-11-04,FULL,73400
AC40446731,Fatima Verma,RETAIL,SAVINGS,Delhi-Karol Bagh,2016-10-04,FULL,27100
AC73093067,Joseph Joshi,RETAIL,SAVINGS,Pune-Kothrud,2024-10-26,FULL,126300
AC36401454,Rahul Banerjee,RETAIL,SAVINGS,Delhi-Karol Bagh,2025-06-09,FULL,136400
AC55330357,Kabir Fernandes,RETAIL,SAVINGS,Kolkata-Salt Lake,2023-10-11,FULL,27700
AC37430528,Krishna Khan,RETAIL,SAVINGS,Mumbai-Andheri,2024-11-27,FULL,43400
AC74780629,Ishaan Singh,RETAIL,SAVINGS,Kolkata-Salt Lake,2024-12-05,FULL,58000
AC93760773,Ganesh Nair,RETAIL,SAVINGS,Bengaluru-Koramangala,2023-12-17,FULL,121600
AC91907998,Sai Kulkarni,RETAIL,SAVINGS,Hyderabad-Madhapur,2016-03-07,FULL,30000
AC10256129,Meera Joshi,RETAIL,SAVINGS,Bengaluru-Koramangala,2020-11-02,FULL,103700
AC74353833,Suresh Gupta,RETAIL,SAVINGS,Mumbai-Andheri,2018-11-17,FULL,147100
AC97641229,Vivaan Reddy,RETAIL,SAVINGS,Mumbai-Andheri,2024-12-11,FULL,40500
AC56171824,Aarav Das,RETAIL,SAVINGS,Mumbai-Andheri,2017-08-18,FULL,39000
AC96319863,Reyansh Nair,RETAIL,SAVINGS,Hyderabad-Madhapur,2023-07-18,FULL,101200
AC21378775,Vikram Khan,RETAIL,SAVINGS,Bengaluru-Koramangala,2021-07-12,FULL,147400
AC98662305,Aadhya Das,RETAIL,SAVINGS,Kolkata-Salt Lake,2021-03-10,FULL,56700
AC26093192,Ishaan Fernandes,RETAIL,SAVINGS,Mumbai-Andheri,2025-04-19,FULL,45700
AC62148384,Pooja Patel,RETAIL,SAVINGS,Pune-Kothrud,2016-09-03,FULL,103300
AC36752197,Rahul Iyer,RETAIL,SAVINGS,Chennai-Anna Nagar,2020-07-30,FULL,122900
AC74160468,Lakshmi Verma,RETAIL,SAVINGS,Kochi-Edappally,2025-06-02,FULL,79900
AC33960779,Aarav Shetty,RETAIL,SAVINGS,Pune-Kothrud,2018-06-21,FULL,107500
AC68240437,Priya Patel,RETAIL,SAVINGS,Chennai-Anna Nagar,2015-12-08,FULL,139400
AC95341298,Lakshmi Chopra,RETAIL,SAVINGS,Kochi-Edappally,2023-12-23,FULL,46900
AC54629703,Saanvi Gupta,RETAIL,SAVINGS,Chennai-Anna Nagar,2017-10-29,FULL,87500
AC21643368,Swati Chopra,RETAIL,SAVINGS,Pune-Kothrud,2025-07-06,FULL,76800
AC63128543,Vikram Khan,RETAIL,SAVINGS,Kolkata-Salt Lake,2019-03-08,FULL,116000
AC72164355,Aadhya Das,RETAIL,SAVINGS,Mumbai-Andheri,2020-03-12,FULL,64500
AC63873226,Saanvi Khan,RETAIL,SAVINGS,Hyderabad-Madhapur,2022-07-23,FULL,124000
AC21397668,Joseph Shetty,RETAIL,SAVINGS,Chennai-Anna Nagar,2016-05-13,FULL,148800
AC31321298,Suresh Das,RETAIL,SAVINGS,Delhi-Karol Bagh,2022-01-02,FULL,125100
AC32817504,Ananya Gupta,RETAIL,SAVINGS,Kochi-Edappally,2019-02-21,FULL,144000
AC27050801,Deepa Reddy,RETAIL,SAVINGS,Chennai-Anna Nagar,2020-01-21,FULL,43600
AC13697544,Imran Reddy,RETAIL,SAVINGS,Kolkata-Salt Lake,2019-02-22,FULL,138400
AC30287103,Nithya Chopra,RETAIL,SAVINGS,Chennai-Anna Nagar,2020-10-12,FULL,35900
AC89297484,Imran Patel,RETAIL,SAVINGS,Kolkata-Salt Lake,2024-06-02,FULL,59600
AC72458740,Arjun Shetty,RETAIL,SAVINGS,Kolkata-Salt Lake,2015-10-21,FULL,80200
AC98027796,Ganesh Rao,RETAIL,SAVINGS,Kochi-Edappally,2024-08-29,FULL,106100
AC29619183,Arjun Iyer,RETAIL,SAVINGS,Delhi-Karol Bagh,2020-01-14,FULL,51800
AC92083983,Rahul Rao,RETAIL,SAVINGS,Pune-Kothrud,2022-06-16,FULL,50700
AC89976351,Priya Chopra,RETAIL,SAVINGS,Kolkata-Salt Lake,2019-08-31,FULL,121100
AC73667109,Suresh Rao,RETAIL,SAVINGS,Pune-Kothrud,2020-06-16,FULL,75200
AC98217056,Suresh Fernandes,RETAIL,SAVINGS,Chennai-Anna Nagar,2024-03-30,FULL,118600
AC57030900,Sai Menon,RETAIL,SAVINGS,Mumbai-Andheri,2024-12-21,FULL,69000
AC30926211,Deepa Joshi,RETAIL,SAVINGS,Hyderabad-Madhapur,2015-12-15,FULL,57500
AC83639904,Priya Iyer,RETAIL,SAVINGS,Kochi-Edappally,2020-08-02,FULL,28200
AC83589642,Aditya Iyer,RETAIL,SAVINGS,Kochi-Edappally,2023-02-27,FULL,100100
AC27580355,Pooja Reddy,RETAIL,SAVINGS,Delhi-Karol Bagh,2017-05-25,FULL,67900
AC12871813,Swati Shetty,RETAIL,SAVINGS,Mumbai-Andheri,2023-06-30,FULL,105700
AC11911654,Imran Nair,RETAIL,SAVINGS,Mumbai-Andheri,2018-05-04,FULL,129800
AC97197858,Rohan Das,RETAIL,SAVINGS,Mumbai-Andheri,2023-09-25,FULL,138300
AC23793831,Ishaan Fernandes,RETAIL,SAVINGS,Hyderabad-Madhapur,2015-12-16,FULL,56300
AC80676511,Swati Iyer,RETAIL,SAVINGS,Mumbai-Andheri,2023-02-04,FULL,138300
AC28689916,Fatima Menon,RETAIL,SAVINGS,Bengaluru-Koramangala,2016-12-04,FULL,103900
AC68224916,Lakshmi Shetty,RETAIL,SAVINGS,Kochi-Edappally,2015-12-27,FULL,51500
AC36146343,Aadhya Fernandes,RETAIL,SAVINGS,Pune-Kothrud,2016-07-16,FULL,110200
AC38325623,Ganesh Joshi,RETAIL,SAVINGS,Kochi-Edappally,2022-12-21,FULL,85100
AC13757254,Priya Khan,RETAIL,SAVINGS,Mumbai-Andheri,2022-09-02,FULL,90100
AC43800696,Arjun Banerjee,RETAIL,SAVINGS,Kolkata-Salt Lake,2022-01-02,FULL,136200
AC38558820,Swati Patel,RETAIL,SAVINGS,Kochi-Edappally,2020-04-19,FULL,86600
AC49321318,Rohan Verma,RETAIL,SAVINGS,Bengaluru-Koramangala,2021-06-14,FULL,94300
AC77264814,Imran Verma,RETAIL,SAVINGS,Mumbai-Andheri,2021-11-21,FULL,67900
AC42284650,Arjun Mukherjee,RETAIL,SAVINGS,Bengaluru-Koramangala,2021-04-25,FULL,147700
AC88710264,Sai Fernandes,RETAIL,SAVINGS,Delhi-Karol Bagh,2019-01-16,FULL,145900
AC53753544,Saanvi Verma,RETAIL,SAVINGS,Mumbai-Andheri,2019-06-08,FULL,64200
AC44811353,Aarav Das,RETAIL,SAVINGS,Kochi-Edappally,2023-04-13,FULL,40500
AC83061791,Kabir Pillai,RETAIL,SAVINGS,Pune-Kothrud,2018-07-07,FULL,95400
AC66238912,Vikram Mukherjee,RETAIL,SAVINGS,Hyderabad-Madhapur,2020-03-08,FULL,92900
AC27592411,Deepa Gupta,RETAIL,SAVINGS,Hyderabad-Madhapur,2021-07-14,FULL,100600
AC18174466,Kabir Menon,RETAIL,SAVINGS,Hyderabad-Madhapur,2017-08-12,FULL,113700
AC57484087,Nithya Reddy,RETAIL,SAVINGS,Chennai-Anna Nagar,2020-11-09,FULL,51200
AC71493326,Aditya Khan,RETAIL,SAVINGS,Bengaluru-Koramangala,2019-10-19,FULL,119200
AC98915866,Ishaan Nair,RETAIL,SAVINGS,Delhi-Karol Bagh,2017-11-25,FULL,140800
AC88295746,Krishna Verma,RETAIL,SAVINGS,Chennai-Anna Nagar,2017-07-29,FULL,58300
AC79358465,Aadhya Reddy,RETAIL,SAVINGS,Pune-Kothrud,2022-06-06,FULL,136900
AC66455770,Suresh Sharma,RETAIL,SAVINGS,Kolkata-Salt Lake,2019-10-18,FULL,68800
AC77330181,Suresh Verma,RETAIL,SAVINGS,Mumbai-Andheri,2019-08-07,FULL,26600
AC27550747,Krishna Gupta,RETAIL,SAVINGS,Hyderabad-Madhapur,2016-03-28,FULL,37700
AC81380338,Swati Nair,RETAIL,SAVINGS,Pune-Kothrud,2022-07-29,FULL,109400
AC30379134,Saanvi Joshi,RETAIL,SAVINGS,Chennai-Anna Nagar,2017-10-02,FULL,33400
AC80263864,Harpreet Kulkarni,RETAIL,SAVINGS,Delhi-Karol Bagh,2024-05-02,FULL,89300
AC78524460,Aadhya Mukherjee,RETAIL,SAVINGS,Chennai-Anna Nagar,2015-10-23,FULL,144200
AC12510524,Vivaan Kulkarni,RETAIL,SAVINGS,Kolkata-Salt Lake,2018-08-02,FULL,45100
AC69072565,Ganesh Mukherjee,RETAIL,SAVINGS,Mumbai-Andheri,2019-05-24,FULL,69900
AC34576324,Pooja Mukherjee,RETAIL,SAVINGS,Mumbai-Andheri,2022-09-18,FULL,45300
AC91678821,Sai Patel,RETAIL,SAVINGS,Bengaluru-Koramangala,2024-05-02,FULL,45000
AC10527808,Priya Verma,RETAIL,SAVINGS,Bengaluru-Koramangala,2019-02-18,FULL,95100
AC30106149,Aadhya Pillai,RETAIL,SAVINGS,Chennai-Anna Nagar,2019-06-24,FULL,115900
AC33131984,Ishaan Kulkarni,RETAIL,SAVINGS,Hyderabad-Madhapur,2023-12-31,FULL,140700
AC28999723,Aarav Singh,RETAIL,SAVINGS,Pune-Kothrud,2016-05-02,FULL,55200
AC73551145,Aditya Fernandes,RETAIL,SAVINGS,Kolkata-Salt Lake,2018-12-20,FULL,78700
AC93094361,Meera Iyer,RETAIL,SAVINGS,Chennai-Anna Nagar,2023-01-30,FULL,81600
AC26151306,Priya Singh,RETAIL,SAVINGS,Mumbai-Andheri,2025-02-24,FULL,49800
AC84688894,Rohan Reddy,RETAIL,SAVINGS,Pune-Kothrud,2016-11-22,FULL,119300
AC18288654,Ananya Reddy,RETAIL,SAVINGS,Delhi-Karol Bagh,2020-10-27,FULL,34300
AC53752583,Imran Pillai,RETAIL,SAVINGS,Mumbai-Andheri,2022-11-01,FULL,46500
AC79571586,Aadhya Das,RETAIL,SAVINGS,Kolkata-Salt Lake,2024-05-20,FULL,141000
AC81232885,Nithya Iyer,RETAIL,SAVINGS,Bengaluru-Koramangala,2019-12-29,FULL,148700
AC84550146,Ganesh Gupta,RETAIL,SAVINGS,Chennai-Anna Nagar,2016-05-23,FULL,60600
AC74758310,Vivaan Das,RETAIL,SAVINGS,Bengaluru-Koramangala,2025-01-14,FULL,90100
AC24241764,Ganesh Khan,RETAIL,SAVINGS,Kolkata-Salt Lake,2019-11-06,FULL,46000
AC85201674,Vikram Khan,RETAIL,SAVINGS,Delhi-Karol Bagh,2020-09-18,FULL,107700
AC17626596,Aditya Singh,RETAIL,SAVINGS,Chennai-Anna Nagar,2020-05-02,FULL,112700
AC43352343,Vikram Joshi,RETAIL,SAVINGS,Hyderabad-Madhapur,2024-06-10,FULL,76000
AC35676674,Lakshmi Menon,RETAIL,SAVINGS,Pune-Kothrud,2021-06-27,FULL,56000
AC47167180,Vikram Das,RETAIL,SAVINGS,Chennai-Anna Nagar,2023-01-29,FULL,75100
AC15663839,Suresh Kulkarni,RETAIL,SAVINGS,Mumbai-Andheri,2024-10-18,FULL,35600
AC23119148,Vivaan Banerjee,RETAIL,SAVINGS,Delhi-Karol Bagh,2023-06-03,FULL,140000
AC78144218,Arjun Joshi,RETAIL,SAVINGS,Kochi-Edappally,2019-12-10,FULL,56600
AC70690025,Arjun Fernandes,RETAIL,SAVINGS,Kochi-Edappally,2019-04-07,FULL,61500
AC85394042,Swati Verma,RETAIL,SAVINGS,Kochi-Edappally,2016-06-09,FULL,40900
AC13740078,Aditya Fernandes,RETAIL,SAVINGS,Mumbai-Andheri,2020-09-01,FULL,107500
AC18505221,Aarav Gupta,RETAIL,SAVINGS,Chennai-Anna Nagar,2019-02-02,FULL,123700
AC69491792,Joseph Reddy,RETAIL,SAVINGS,Pune-Kothrud,2024-04-22,FULL,55000
AC53703122,Ishaan Verma,RETAIL,SAVINGS,Delhi-Karol Bagh,2017-06-19,FULL,68500
AC92212100,Suresh Mukherjee,RETAIL,SAVINGS,Delhi-Karol Bagh,2021-01-05,FULL,45200
AC77854192,Kavya Pillai,RETAIL,SAVINGS,Chennai-Anna Nagar,2023-07-24,FULL,41500
AC91354422,Lakshmi Kulkarni,RETAIL,SAVINGS,Hyderabad-Madhapur,2015-11-17,FULL,104600
AC78741149,Sai Rao,RETAIL,SAVINGS,Bengaluru-Koramangala,2017-07-14,FULL,39400
AC36763445,Saanvi Reddy,RETAIL,SAVINGS,Hyderabad-Madhapur,2018-01-16,FULL,25500
AC47203213,Vivaan Mukherjee,RETAIL,SAVINGS,Delhi-Karol Bagh,2024-08-18,FULL,149500
AC70712824,Ananya Banerjee,RETAIL,SAVINGS,Kochi-Edappally,2015-11-15,FULL,146200
AC78203564,Rahul Verma,RETAIL,SAVINGS,Hyderabad-Madhapur,2019-08-06,FULL,63900
AC81576359,Krishna Fernandes,RETAIL,SAVINGS,Pune-Kothrud,2017-06-01,FULL,40800
AC74160948,Diya Chopra,RETAIL,SAVINGS,Hyderabad-Madhapur,2019-04-21,FULL,102400
AC78149300,Vikram Chopra,RETAIL,SAVINGS,Chennai-Anna Nagar,2024-02-17,FULL,77300
AC43239798,Vikram Shetty,RETAIL,SAVINGS,Chennai-Anna Nagar,2023-06-30,FULL,91500
AC80224010,Rohan Nair,RETAIL,SAVINGS,Kochi-Edappally,2016-12-08,FULL,122600
AC44841887,Priya Fernandes,RETAIL,SAVINGS,Kolkata-Salt Lake,2022-10-13,FULL,93000
AC85096671,Zenith Infotech Pvt Ltd,CORPORATE,CURRENT,Kolkata-Salt Lake,2022-04-15,FULL,
AC37190971,Coastal Logistics Ltd,CORPORATE,CURRENT,Chennai-Anna Nagar,2016-04-07,FULL,
AC70066221,Nova Textiles,CORPORATE,CURRENT,Delhi-Karol Bagh,2016-05-24,FULL,
AC28405872,Brightpath Schools,CORPORATE,CURRENT,Pune-Kothrud,2020-02-29,FULL,
AC65920079,Apex Healthcare,CORPORATE,CURRENT,Hyderabad-Madhapur,2017-05-17,FULL,
AC26323822,Sunrise Foods,CORPORATE,CURRENT,Kochi-Edappally,2017-05-24,FULL,
AC62662255,FreshMart Groceries #1,MERCHANT,CURRENT,Pune-Kothrud,2015-11-27,FULL,
AC69340085,QuickFuel Station #1,MERCHANT,CURRENT,Delhi-Karol Bagh,2017-08-14,FULL,
AC52410090,Metro Pharmacy #1,MERCHANT,CURRENT,Pune-Kothrud,2020-06-21,FULL,
AC19736972,Urban Threads #1,MERCHANT,CURRENT,Pune-Kothrud,2024-08-09,FULL,
AC42297987,Spice Route Cafe #1,MERCHANT,CURRENT,Hyderabad-Madhapur,2017-05-08,FULL,
AC67490644,TechZone Electronics #1,MERCHANT,CURRENT,Hyderabad-Madhapur,2016-04-23,FULL,
AC19814103,BookNook #1,MERCHANT,CURRENT,Kolkata-Salt Lake,2016-10-11,FULL,
AC38546741,CityCab Services #1,MERCHANT,CURRENT,Delhi-Karol Bagh,2018-03-26,FULL,
AC99855030,HomeNeeds Store #1,MERCHANT,CURRENT,Pune-Kothrud,2018-06-14,FULL,
AC50638453,Daily Dairy #1,MERCHANT,CURRENT,Chennai-Anna Nagar,2017-10-18,FULL,
AC26421523,FreshMart Groceries #2,MERCHANT,CURRENT,Chennai-Anna Nagar,2022-07-07,FULL,
AC30729474,QuickFuel Station #2,MERCHANT,CURRENT,Pune-Kothrud,2021-09-28,FULL,
AC96363470,Metro Pharmacy #2,MERCHANT,CURRENT,Chennai-Anna Nagar,2020-12-24,FULL,
AC98618129,Urban Threads #2,MERCHANT,CURRENT,Delhi-Karol Bagh,2020-09-01,FULL,
AC59148289,Spice Route Cafe #2,MERCHANT,CURRENT,Hyderabad-Madhapur,2016-07-21,FULL,
AC29190316,TechZone Electronics #2,MERCHANT,CURRENT,Pune-Kothrud,2021-10-03,FULL,
AC43971558,BookNook #2,MERCHANT,CURRENT,Bengaluru-Koramangala,2020-04-11,FULL,
AC28422000,CityCab Services #2,MERCHANT,CURRENT,Mumbai-Andheri,2017-07-03,FULL,
AC72778440,HomeNeeds Store #2,MERCHANT,CURRENT,Bengaluru-Koramangala,2020-02-08,FULL,
AC39472579,Daily Dairy #2,MERCHANT,CURRENT,Hyderabad-Madhapur,2021-06-07,FULL,
AC22633303,FreshMart Groceries #3,MERCHANT,CURRENT,Kochi-Edappally,2022-07-19,FULL,
AC63453132,QuickFuel Station #3,MERCHANT,CURRENT,Mumbai-Andheri,2025-02-01,FULL,
AC75399034,Metro Pharmacy #3,MERCHANT,CURRENT,Kolkata-Salt Lake,2021-10-09,FULL,
AC31849997,Urban Threads #3,MERCHANT,CURRENT,Kochi-Edappally,2015-11-05,FULL,
AC99635023,Spice Route Cafe #3,MERCHANT,CURRENT,Kolkata-Salt Lake,2022-05-04,FULL,
AC40026139,TechZone Electronics #3,MERCHANT,CURRENT,Pune-Kothrud,2023-10-31,FULL,
AC31671607,BookNook #3,MERCHANT,CURRENT,Mumbai-Andheri,2023-11-06,FULL,
AC67917877,CityCab Services #3,MERCHANT,CURRENT,Mumbai-Andheri,2017-07-31,FULL,
AC79203339,HomeNeeds Store #3,MERCHANT,CURRENT,Delhi-Karol Bagh,2021-08-16,FULL,
AC64198427,Daily Dairy #3,MERCHANT,CURRENT,Hyderabad-Madhapur,2024-11-22,FULL,
AC55515398,FreshMart Groceries #4,MERCHANT,CURRENT,Chennai-Anna Nagar,2021-11-09,FULL,
AC66542771,QuickFuel Station #4,MERCHANT,CURRENT,Mumbai-Andheri,2016-01-09,FULL,
AC36272404,Metro Pharmacy #4,MERCHANT,CURRENT,Kolkata-Salt Lake,2024-12-20,FULL,
AC57864027,Urban Threads #4,MERCHANT,CURRENT,Hyderabad-Madhapur,2020-10-26,FULL,
AC52751778,Spice Route Cafe #4,MERCHANT,CURRENT,Pune-Kothrud,2023-11-13,FULL,
AC22374072,TechZone Electronics #4,MERCHANT,CURRENT,Bengaluru-Koramangala,2019-11-12,FULL,
AC59117315,BookNook #4,MERCHANT,CURRENT,Delhi-Karol Bagh,2024-04-28,FULL,
AC12614954,CityCab Services #4,MERCHANT,CURRENT,Kolkata-Salt Lake,2020-08-23,FULL,
AC55362865,HomeNeeds Store #4,MERCHANT,CURRENT,Delhi-Karol Bagh,2018-11-24,FULL,
AC84363365,Daily Dairy #4,MERCHANT,CURRENT,Kolkata-Salt Lake,2025-05-07,FULL,
AC71561748,State Electricity Board,CORPORATE,CURRENT,Mumbai-Andheri,2021-03-14,FULL,
AC69117285,City Water Supply,CORPORATE,CURRENT,Chennai-Anna Nagar,2021-04-27,FULL,
AC12426922,FiberNet Broadband,CORPORATE,CURRENT,Pune-Kothrud,2017-04-28,FULL,
AC61585853,Green Meadows Residents Welfare Assn,CORPORATE,CURRENT,Bengaluru-Koramangala,2019-11-11,FULL,
AC54492893,IronCore Fitness,CORPORATE,CURRENT,Hyderabad-Madhapur,2021-08-04,FULL,
AC79448796,Priya Sharma,RETAIL,CURRENT,Pune-Kothrud,2026-08-01,MIN,15700
AC93742074,Vikram Kulkarni,RETAIL,SAVINGS,Pune-Kothrud,2026-08-10,MIN,16400
AC49655179,Kabir Rao,RETAIL,SAVINGS,Chennai-Anna Nagar,2026-08-14,FULL,11300
AC78754679,Vikram Kulkarni,RETAIL,SAVINGS,Delhi-Karol Bagh,2026-07-21,MIN,17400
AC18628964,Deepa Menon,RETAIL,SAVINGS,Kochi-Edappally,2026-06-19,FULL,17400
AC25146464,Rahul Verma,RETAIL,SAVINGS,Bengaluru-Koramangala,2026-06-27,MIN,13800
AC40675978,Joseph Menon,RETAIL,SAVINGS,Bengaluru-Koramangala,2026-07-01,FULL,11000
AC24063279,Vivaan Banerjee,RETAIL,SAVINGS,Mumbai-Andheri,2026-06-26,MIN,15400
AC21282512,Kavya Pillai,RETAIL,SAVINGS,Hyderabad-Madhapur,2026-08-16,MIN,17100
AC45643433,Vivaan Gupta,RETAIL,SAVINGS,Kolkata-Salt Lake,2026-07-25,FULL,13100
AC46496546,Aditya Singh,RETAIL,SAVINGS,Kochi-Edappally,2026-06-20,FULL,9800
AC15313436,Fatima Nair,RETAIL,SAVINGS,Mumbai-Andheri,2026-07-13,MIN,11000
AC34367415,Aarav Patel,RETAIL,SAVINGS,Bengaluru-Koramangala,2026-06-21,FULL,15400
AC46298660,Pooja Chopra,RETAIL,SAVINGS,Kolkata-Salt Lake,2026-07-26,MIN,11100
AC27388652,Rohan Gupta,RETAIL,SAVINGS,Kochi-Edappally,2026-06-28,FULL,10600
AC66673996,Sai Pillai,RETAIL,SAVINGS,Kolkata-Salt Lake,2026-07-28,MIN,9000
AC44709914,Joseph Pillai,RETAIL,SAVINGS,Kolkata-Salt Lake,2026-07-20,MIN,12900
AC64485395,Ishaan Pillai,RETAIL,SAVINGS,Kolkata-Salt Lake,2026-06-18,FULL,11800
AC30047826,Lakshmi Rao,RETAIL,SAVINGS,Chennai-Anna Nagar,2026-07-10,MIN,9500
AC82021083,Joseph Kulkarni,RETAIL,SAVINGS,Pune-Kothrud,2026-07-17,MIN,10600
AC79092953,Aarav Nair,RETAIL,SAVINGS,Kolkata-Salt Lake,2026-08-16,MIN,15200
AC86583954,Meera Mukherjee,RETAIL,SAVINGS,Pune-Kothrud,2026-07-21,MIN,15900
AC76385704,Aadhya Singh,RETAIL,SAVINGS,Kochi-Edappally,2026-07-19,MIN,12800
AC53895707,Ananya Mukherjee,RETAIL,SAVINGS,Kochi-Edappally,2026-06-27,MIN,11200
AC22007414,Nithya Rao,RETAIL,SAVINGS,Pune-Kothrud,2026-07-17,FULL,17700
AC47455108,Pooja Fernandes,RETAIL,SAVINGS,Pune-Kothrud,2026-07-02,FULL,15800
AC17721077,Imran Fernandes,RETAIL,SAVINGS,Chennai-Anna Nagar,2026-07-16,FULL,17600
AC34608019,Meera Chopra,RETAIL,SAVINGS,Chennai-Anna Nagar,2026-08-07,MIN,8400
AC67085086,Vivaan Joshi,RETAIL,SAVINGS,Kochi-Edappally,2026-07-31,MIN,14200
AC19719255,Imran Nair,RETAIL,SAVINGS,Mumbai-Andheri,2026-08-17,MIN,15500
AC46094290,Priya Pillai,RETAIL,SAVINGS,Bengaluru-Koramangala,2026-07-31,FULL,13300
AC12259115,Kabir Pillai,RETAIL,SAVINGS,Hyderabad-Madhapur,2026-07-15,MIN,17500
AC95153029,Sai Joshi,RETAIL,SAVINGS,Mumbai-Andheri,2026-07-25,MIN,14200
AC21887116,Pooja Iyer,RETAIL,SAVINGS,Hyderabad-Madhapur,2026-07-14,FULL,14000
AC44970682,Ishaan Shetty,RETAIL,SAVINGS,Delhi-Karol Bagh,2026-07-22,MIN,12400
AC21239731,Swati Singh,RETAIL,SAVINGS,Chennai-Anna Nagar,2026-06-26,FULL,8400
AC91628191,Nithya Sharma,RETAIL,SAVINGS,Kochi-Edappally,2026-08-22,FULL,8300
AC39851095,Aditya Banerjee,RETAIL,SAVINGS,Delhi-Karol Bagh,2026-08-19,MIN,9300
AC18941925,Ishaan Khan,RETAIL,SAVINGS,Mumbai-Andheri,2026-06-18,MIN,9000
AC45494011,Kabir Patel,RETAIL,SAVINGS,Pune-Kothrud,2026-06-27,FULL,12500
AC26331285,Aarav Menon,RETAIL,SAVINGS,Mumbai-Andheri,2026-06-18,MIN,17300
AC70904451,Krishna Menon,RETAIL,SAVINGS,Delhi-Karol Bagh,2026-06-27,MIN,13500
AC11549722,Rohan Das,RETAIL,SAVINGS,Bengaluru-Koramangala,2026-07-27,FULL,13200
AC55520180,Deepa Banerjee,RETAIL,SAVINGS,Kolkata-Salt Lake,2026-07-17,FULL,12400
AC84231009,Fatima Kulkarni,RETAIL,SAVINGS,Bengaluru-Koramangala,2026-08-06,MIN,13300
AC66070842,Kabir Fernandes,RETAIL,SAVINGS,Pune-Kothrud,2026-08-22,FULL,8200
AC45951526,Imran Rao,RETAIL,SAVINGS,Chennai-Anna Nagar,2026-08-13,FULL,13800
AC93443625,Pooja Das,RETAIL,SAVINGS,Chennai-Anna Nagar,2026-07-28,FULL,9200
AC27344259,Reyansh Iyer,RETAIL,SAVINGS,Bengaluru-Koramangala,2026-06-25,FULL,9400
AC15798969,Arjun Chopra,RETAIL,SAVINGS,Mumbai-Andheri,2026-08-06,MIN,8900
AC80721337,Swati Menon,RETAIL,SAVINGS,Kochi-Edappally,2026-08-04,MIN,10100
AC42002360,Harpreet Pillai,RETAIL,SAVINGS,Chennai-Anna Nagar,2026-07-06,FULL,16100
AC24690326,Ananya Joshi,RETAIL,SAVINGS,Chennai-Anna Nagar,2026-08-02,MIN,9000
AC31669330,Deepa Rao,RETAIL,SAVINGS,Bengaluru-Koramangala,2026-07-13,FULL,8400
AC45150991,Kavya Rao,RETAIL,SAVINGS,Pune-Kothrud,2026-06-23,FULL,10200
AC16761851,Aarav Verma,RETAIL,SAVINGS,Mumbai-Andheri,2026-08-07,FULL,11900
AC34313000,Aarav Sharma,RETAIL,SAVINGS,Kolkata-Salt Lake,2026-07-09,MIN,8200
AC37080875,Rohan Banerjee,RETAIL,SAVINGS,Hyderabad-Madhapur,2026-07-20,MIN,16800
AC51874911,Joseph Reddy,RETAIL,SAVINGS,Delhi-Karol Bagh,2026-07-25,MIN,11800
AC94378806,Diya Fernandes,RETAIL,SAVINGS,Mumbai-Andheri,2026-07-14,MIN,9700
AC50937131,Reyansh Iyer,RETAIL,SAVINGS,Pune-Kothrud,2026-07-09,MIN,14000
AC81281134,Arjun Reddy,RETAIL,SAVINGS,Kochi-Edappally,2026-08-15,MIN,13500
AC37631611,Suresh Fernandes,RETAIL,SAVINGS,Mumbai-Andheri,2026-08-05,MIN,9100
AC48917884,Priya Joshi,RETAIL,SAVINGS,Bengaluru-Koramangala,2026-08-03,MIN,10900
AC69819079,Kabir Iyer,RETAIL,SAVINGS,Pune-Kothrud,2026-06-24,MIN,15000
AC77120755,Ananya Pillai,RETAIL,SAVINGS,Bengaluru-Koramangala,2026-08-15,MIN,8800
AC33877318,Rahul Singh,RETAIL,SAVINGS,Pune-Kothrud,2026-07-07,FULL,15800
AC46308897,Priya Sharma,RETAIL,SAVINGS,Bengaluru-Koramangala,2026-08-06,MIN,12900
AC56573688,Rohan Fernandes,RETAIL,SAVINGS,Mumbai-Andheri,2026-08-18,MIN,14600
AC12437810,Nithya Shetty,RETAIL,SAVINGS,Hyderabad-Madhapur,2026-07-05,FULL,11200
AC43614663,Priya Kulkarni,RETAIL,SAVINGS,Chennai-Anna Nagar,2026-07-25,FULL,16700
AC14959258,Rahul Mukherjee,RETAIL,SAVINGS,Bengaluru-Koramangala,2026-07-21,MIN,11900
AC12059721,Fatima Singh,RETAIL,SAVINGS,Mumbai-Andheri,2026-06-24,FULL,16400
AC12474155,Sai Rao,RETAIL,SAVINGS,Kochi-Edappally,2026-08-04,MIN,15100
AC77867728,Arjun Nair,RETAIL,SAVINGS,Hyderabad-Madhapur,2026-08-09,FULL,11900
AC83960561,Rahul Chopra,RETAIL,SAVINGS,Bengaluru-Koramangala,2026-06-30,MIN,14000
AC35428420,Deepa Menon,RETAIL,SAVINGS,Kochi-Edappally,2026-06-26,FULL,9300
AC79019441,Ishaan Pillai,RETAIL,SAVINGS,Mumbai-Andheri,2026-06-28,MIN,9400
AC73721294,Ganesh Singh,RETAIL,SAVINGS,Bengaluru-Koramangala,2026-06-18,MIN,11000
AC42974546,Vivaan Iyer,RETAIL,SAVINGS,Pune-Kothrud,2026-06-19,MIN,10900
AC70002780,Priya Banerjee,RETAIL,SAVINGS,Hyderabad-Madhapur,2026-06-21,MIN,8100
AC24264840,Diya Joshi,RETAIL,SAVINGS,Chennai-Anna Nagar,2026-07-03,MIN,12000
AC98358257,Vikram Rao,RETAIL,SAVINGS,Bengaluru-Koramangala,2026-07-28,MIN,12100
AC97255749,Suresh Fernandes,RETAIL,SAVINGS,Bengaluru-Koramangala,2026-07-11,MIN,14900
AC68005893,Vivaan Iyer,RETAIL,SAVINGS,Kochi-Edappally,2026-06-24,FULL,10600
AC98115205,Ananya Verma,RETAIL,SAVINGS,Delhi-Karol Bagh,2026-08-03,MIN,17400
AC76437986,Reyansh Shetty,RETAIL,SAVINGS,Hyderabad-Madhapur,2026-07-17,FULL,10400
AC83270296,Diya Reddy,RETAIL,SAVINGS,Hyderabad-Madhapur,2026-07-19,MIN,8500
AC62759119,Krishna Verma,RETAIL,SAVINGS,Delhi-Karol Bagh,2026-08-14,FULL,11900
AC78006237,Kabir Khan,RETAIL,SAVINGS,Pune-Kothrud,2026-07-20,MIN,17000
AC51309941,Ganesh Gupta,RETAIL,SAVINGS,Delhi-Karol Bagh,2026-06-21,MIN,13900
AC38881120,Fatima Khan,RETAIL,SAVINGS,Bengaluru-Koramangala,2026-08-15,FULL,16400
AC40811860,Nithya Das,RETAIL,SAVINGS,Hyderabad-Madhapur,2026-06-22,MIN,17600
AC55997036,Ganesh Patel,RETAIL,SAVINGS,Chennai-Anna Nagar,2026-08-20,FULL,11700
AC36658926,Reyansh Pillai,RETAIL,SAVINGS,Kolkata-Salt Lake,2026-06-24,FULL,8900
AC95359381,Diya Menon,RETAIL,SAVINGS,Kochi-Edappally,2026-06-20,MIN,15400
AC28752741,Pooja Chopra,RETAIL,SAVINGS,Kolkata-Salt Lake,2026-08-11,MIN,13100
AC64317606,Ganesh Verma,RETAIL,SAVINGS,Kolkata-Salt Lake,2026-08-22,MIN,10600
AC56647663,Suresh Kulkarni,RETAIL,SAVINGS,Hyderabad-Madhapur,2026-08-20,MIN,9500
AC17299905,Vikram Rao,RETAIL,SAVINGS,Pune-Kothrud,2026-06-21,FULL,11800
AC27423955,Vikram Gupta,RETAIL,SAVINGS,Chennai-Anna Nagar,2026-07-31,FULL,8500
AC11913291,Rahul Khan,RETAIL,SAVINGS,Bengaluru-Koramangala,2026-07-30,MIN,14200
AC19492255,Ishaan Chopra,RETAIL,CURRENT,Kochi-Edappally,2026-08-02,MIN,16900
AC93946251,Pooja Shetty,RETAIL,SAVINGS,Kolkata-Salt Lake,2026-06-25,MIN,10700
AC44305229,Meera Singh,RETAIL,SAVINGS,Bengaluru-Koramangala,2026-08-10,MIN,11700
AC67813039,Vikram Shetty,RETAIL,SAVINGS,Chennai-Anna Nagar,2026-07-20,MIN,10200
AC31910577,Ananya Kulkarni,RETAIL,SAVINGS,Hyderabad-Madhapur,2026-08-06,FULL,14500
AC17435808,Vivaan Menon,RETAIL,SAVINGS,Chennai-Anna Nagar,2026-08-03,MIN,14200
AC21339367,Aarav Pillai,RETAIL,SAVINGS,Bengaluru-Koramangala,2026-08-09,MIN,12400
AC99285347,Diya Khan,RETAIL,SAVINGS,Delhi-Karol Bagh,2026-08-16,MIN,15600
AC61121087,Krishna Singh,RETAIL,SAVINGS,Bengaluru-Koramangala,2026-07-16,FULL,14700
AC77906507,Aarav Fernandes,RETAIL,SAVINGS,Bengaluru-Koramangala,2026-08-20,MIN,14600
AC99998797,Reyansh Iyer,RETAIL,SAVINGS,Kochi-Edappally,2026-06-22,MIN,10600
AC47840444,Rahul Das,RETAIL,SAVINGS,Delhi-Karol Bagh,2026-07-17,FULL,9400
AC90366678,Pooja Nair,RETAIL,SAVINGS,Delhi-Karol Bagh,2026-08-04,MIN,15200
AC42509269,Vikram Chopra,RETAIL,SAVINGS,Mumbai-Andheri,2026-06-20,FULL,10200
AC49333645,Joseph Patel,RETAIL,SAVINGS,Hyderabad-Madhapur,2026-07-31,FULL,15700
AC16071673,Deepa Banerjee,RETAIL,SAVINGS,Mumbai-Andheri,2026-07-10,FULL,10300
AC71666730,Vikram Iyer,RETAIL,SAVINGS,Chennai-Anna Nagar,2026-07-24,FULL,9800
AC34877528,Joseph Joshi,RETAIL,SAVINGS,Kochi-Edappally,2026-06-19,MIN,16500
AC31143713,Rohan Joshi,RETAIL,SAVINGS,Mumbai-Andheri,2026-08-14,MIN,12000
AC46109495,Ananya Shetty,RETAIL,SAVINGS,Mumbai-Andheri,2026-08-01,FULL,13300
AC69837566,Rahul Kulkarni,RETAIL,SAVINGS,Bengaluru-Koramangala,2026-06-24,MIN,14200
AC10486232,Fatima Iyer,RETAIL,SAVINGS,Kochi-Edappally,2026-08-01,MIN,11500
AC45331886,Kavya Verma,RETAIL,SAVINGS,Kochi-Edappally,2026-07-29,FULL,14500
AC58874224,Aadhya Khan,RETAIL,SAVINGS,Pune-Kothrud,2026-07-10,MIN,9500
AC54147722,Vikram Iyer,RETAIL,SAVINGS,Hyderabad-Madhapur,2026-07-17,MIN,11000
AC83426945,Meera Pillai,RETAIL,SAVINGS,Bengaluru-Koramangala,2026-08-17,MIN,16200
AC53423984,Harpreet Gupta,RETAIL,SAVINGS,Bengaluru-Koramangala,2026-07-02,MIN,9400
AC42809053,Imran Verma,RETAIL,SAVINGS,Delhi-Karol Bagh,2026-07-29,MIN,12800
AC14623360,Aarav Fernandes,RETAIL,SAVINGS,Mumbai-Andheri,2026-07-28,FULL,14900
AC51546818,Pooja Reddy,RETAIL,SAVINGS,Chennai-Anna Nagar,2026-07-19,FULL,17500
AC39241460,Pooja Menon,RETAIL,SAVINGS,Bengaluru-Koramangala,2026-06-21,FULL,16300
AC57859883,Aadhya Patel,RETAIL,SAVINGS,Pune-Kothrud,2026-07-27,MIN,14600
AC34556192,Vikram Kulkarni,RETAIL,SAVINGS,Kochi-Edappally,2026-08-04,MIN,11800
AC10143467,Vivaan Reddy,RETAIL,SAVINGS,Chennai-Anna Nagar,2026-07-20,MIN,14300
AC55007604,Harpreet Kulkarni,RETAIL,SAVINGS,Mumbai-Andheri,2026-07-04,FULL,15900
AC61221056,Priya Shetty,RETAIL,SAVINGS,Kochi-Edappally,2026-07-13,MIN,12100
AC21259600,Swati Fernandes,RETAIL,SAVINGS,Mumbai-Andheri,2026-07-01,FULL,15100
AC73705589,Ishaan Menon,RETAIL,SAVINGS,Delhi-Karol Bagh,2026-08-11,FULL,13100
AC47437199,Rohan Verma,RETAIL,SAVINGS,Hyderabad-Madhapur,2026-06-24,MIN,11900
AC77479842,Harpreet Reddy,RETAIL,SAVINGS,Mumbai-Andheri,2026-08-13,MIN,9900
AC98049228,Kavya Khan,RETAIL,SAVINGS,Kochi-Edappally,2026-07-02,MIN,8100
AC36975086,Krishna Reddy,RETAIL,SAVINGS,Pune-Kothrud,2026-08-06,FULL,9800
AC43310074,Rahul Das,RETAIL,SAVINGS,Kolkata-Salt Lake,2026-06-23,MIN,15500
AC77744470,Harpreet Pillai,SME,CURRENT,Pune-Kothrud,2025-09-26,FULL,89900
AC10664449,Lakshmi Joshi,SME,CURRENT,Chennai-Anna Nagar,2026-05-06,FULL,51600
AC22193908,Saanvi Banerjee,SME,CURRENT,Hyderabad-Madhapur,2025-11-16,FULL,71500
AC45456120,Ganesh Pillai,SME,CURRENT,Kolkata-Salt Lake,2026-03-30,FULL,60500
AC22046497,Arjun Singh,SME,CURRENT,Pune-Kothrud,2025-07-29,FULL,77300
AC29309252,Ishaan Das,SME,CURRENT,Kolkata-Salt Lake,2025-11-01,FULL,53600
AC63621481,Rahul Menon,SME,CURRENT,Hyderabad-Madhapur,2025-12-08,FULL,58400
